{
  "project_info": {
    "project_number": "1085824369682",
    "project_id": "therealmytravelapp",
    "storage_bucket": "therealmytravelapp.firebasestorage.app"
  },
  "client": [
    {
      "client_info": {
        "mobilesdk_app_id": "1:1085824369682:android:0269f4b8d55465df8284cb",
        "android_client_info": {
          "package_name": "com.example.therealmytravelapp20"
        }
      },
      "oauth_client": [
        {
          "client_id": "1085824369682-r551tratv2btnmi8nup1m4utiluqtje0.apps.googleusercontent.com",
          "client_type": 1,
          "android_info": {
            "package_name": "com.example.therealmytravelapp20",
            "certificate_hash": "9639e1ad4c50b81b371bec81fd313bff1d87863b"
          }
        },
        {
          "client_id": "1085824369682-lv131lr8f5eef87n55fug2ufc2fefeil.apps.googleusercontent.com",
          "client_type": 3
        }
      ],
      "api_key": [
        {
          "current_key": "AIzaSyAfv43oFxbwhs2bmmPdMrP7a5sCWG5G6Tw"
        }
      ],
      "services": {
        "appinvite_service": {
          "other_platform_oauth_client": [
            {
              "client_id": "1085824369682-lv131lr8f5eef87n55fug2ufc2fefeil.apps.googleusercontent.com",
              "client_type": 3
            }
          ]
        }
      }
    }
  ],
  "configuration_version": "1"
}